Crop,Area 000ha,Yield t/ha,Production kt,Area change %,Production change %
Grain sorghum,385,2.727272727272727,1050,–21,–42
Cotton lint,123,2.3449462706291624,288.428,–44,–44
Cottonseed,123,2.688252032520325,330.655,–44,–44
