Crop,Area 000ha,Yield t/ha,Production kt,Area change %,Production change %
Wheat,1540.396,2.9984958413291127,4618.871,2.6930666666666667,–14.4
Barley,830,3.124103614457831,2593.006,1.2195121951219505,–10.5
Canola,550,2.185601818181818,1202.081,–8.3,–13.1
